,0,1,2,3,4,5,6,7,8,9
0,0.0,0.0,0.0,0.0,1.2465111208672093,0.0,1.548762187128579,1.978408749378274,0.0,0.0
1,0.0,0.0,0.0,0.0,1.154097067645088,0.0,1.5051763944374232,1.8469360945597686,0.0,0.0
2,0.0,0.0,0.0,0.0,1.067831634040779,0.0,1.4640855819373737,1.7242290966471112,0.0,0.0
3,0.0,0.0,0.0,0.0,0.9869965152794091,0.0,1.4232174456850357,1.6097322206534004,0.0,0.0
4,0.0,0.0,0.0,0.0,0.91161326856603,0.0,1.3823413098482453,1.503182103228896,0.0,0.0
5,0.0,0.0,0.0,0.0,0.8413207368899271,0.0,1.3412927444854972,1.4041796225394503,0.0,0.0
6,0.0,0.0,0.0,0.0,0.7759696028885041,0.0,1.3012914615309166,1.3122692735421992,0.0,0.0
7,0.0,0.0,0.0,0.0,0.7152764650796797,0.0,1.2623650773592576,1.2270166802082654,0.0,0.0
8,0.0,0.0,0.0,0.0,0.658944576375123,0.0,1.2239715470558803,1.148033692533957,0.0,0.025841539123669946
9,0.0,0.0,0.0,0.0,0.6070371769427169,0.0,1.1861369372871924,1.0750474910294414,0.0,0.09198906183278477
10,0.0,0.0,0.0,0.0,0.559370838202395,0.0,1.1494063216193915,1.0077106885301403,0.0,0.1539048033513154
11,0.0,0.0,0.0,0.0,0.5155779935428886,0.0,1.1137854155898952,0.9456607055772193,0.0,0.21187515968348794
12,0.0,0.0,0.0,0.0,0.4753927353901382,0.0,1.079313985592481,0.8885481931719622,0.0,0.26611712833820017
13,0.0,0.0,0.0,0.0,0.438566084187796,0.0,1.0460203328616753,0.8360451471949396,0.0,0.316836238187489
14,0.0,0.0,0.0,0.0,0.40481063833470693,0.0,1.0137486885293305,0.7878405291782744,0.0,0.36413179201628637
15,0.0,0.0,0.0,0.0,0.373885337513234,0.0,0.9826462170168915,0.7436567464884251,0.0,0.40810593091954245
16,0.0,0.0,0.0,0.0,0.3456129540706571,0.0,0.9528483830128279,0.7032242478258689,0.0,0.4489872126967527
17,0.0,0.0,0.0,0.0,0.3197982897328624,0.0,0.9242805233063396,0.6662883754499014,0.0,0.4869560797515355
18,0.0,0.0,0.0,0.0,0.2963020185732184,0.0,0.8968979375416753,0.6326312171839652,0.0,0.5222426006893545
19,0.0,0.0,0.0,0.0,0.2748465118380524,0.0,0.8697069919829936,0.6018316765594249,0.0,0.5546695855004229
20,0.0,0.0,0.0,0.0,0.25543446815530746,0.0,0.8430109934694259,0.5735762851390288,0.0,0.5845417753846202
21,0.0022535868321540754,0.0,0.0,0.0,0.23778981639338728,0.0,0.8163883612381067,0.5479463933298161,0.0,0.6117246861418453
22,0.015045723770048423,0.0,0.0,0.0,0.22170926229086205,0.0,0.78979307742416,0.5248642712621748,0.0,0.636168573180737
23,0.0293482068553273,0.0,0.0,0.0,0.20724092041614003,0.0,0.7641583755093346,0.5041712433875005,0.0,0.6582508043538375
24,0.044965894543636586,0.0,0.0,0.0,0.19425823910035725,0.0,0.7394973206934968,0.4856870580359265,0.0,0.6781166913380863
25,0.061666964050231796,0.0,0.0,0.0,0.182639460291892,0.0,0.7158007436849401,0.4692419631264153,0.0,0.6959019251002507
26,0.07902781724435498,0.0,0.0,0.0,0.1722539036655024,0.0,0.693045836873355,0.45465457486006755,0.0,0.7117784187527247
27,0.0971838488143679,0.0,0.0,0.0,0.16302207697718216,0.0,0.6713558192554067,0.4417613130669965,0.0,0.7259379319949937
28,0.11550169340954561,0.0,0.0,0.0,0.1548379930794532,0.0,0.650489518381378,0.43038888570439987,0.014084002365865333,0.7384566193416232
29,0.13421192812815347,0.0,0.0,0.0,0.14768623479885906,0.0,0.6305017581466031,0.42037278153703167,0.029657376931134863,0.7495067859162354
30,0.1524528931790846,0.0,0.0,0.0,0.1414212050336234,0.0,0.6110947693364684,0.4115942892072502,0.044414718458206874,0.7590673358745781
31,0.17039226029634752,0.0,0.0,0.0,0.13600108763296986,0.0,0.5924023309192994,0.40394451996397684,0.058444866434578045,0.7671995367646732
32,0.188524886715135,0.0,0.0,0.0,0.1313966080476344,0.0,0.5746557817759884,0.39730924965175884,0.07186728154387442,0.7740955483949117
33,0.20601563395984315,0.0,0.0,0.0,0.12745336370220942,0.0,0.5575977353920146,0.3915507382469654,0.08455544951595126,0.7798251374612619
34,0.22298971095409587,0.0,0.0,0.0,0.12408011661173031,0.0025228223166033825,0.5413687750340512,0.38639122162344647,0.09656300499708462,0.7844684899245516
35,0.23933752565350247,0.0,0.0,0.0,0.12126007306848252,0.009938394867372061,0.5259018505653296,0.3817507683288135,0.10786947441398764,0.7880560850592548
36,0.2551606230433223,0.0,0.0,0.0,0.11900386343751247,0.016806497218792082,0.5111325348196273,0.37758457320353916,0.1185377458292701,0.790642424413414
37,0.27048119808267124,0.0,0.0,0.0,0.11728828587973186,0.02306103428371998,0.4969933797285141,0.3738896491886138,0.12848475803013065,0.7923157730470912
38,0.28566029201442555,0.0,0.0,0.0,0.11609302367607163,0.028709089589640493,0.4836281545201472,0.3706560100937791,0.1378071150902997,0.7932149895462426
39,0.3007573318652571,0.0,0.0,0.0,0.11536992282573266,0.033787791443316284,0.47105356731478376,0.3678505599907464,0.14655802188593095,0.7934294445367756
40,0.3157335626319634,0.0,0.0,0.0,0.11506566939516276,0.0383429599984551,0.45923184469412953,0.36543146663771464,0.15476721318273,0.7930248505551841
41,0.33052270927893357,0.0,0.0,0.0,0.1151300564944521,0.042416492294867346,0.4481141639819761,0.36335939039668397,0.1624568594500464,0.7920641653087932
42,0.3449257542144223,0.0,0.0,0.0,0.11554002891243778,0.046043907273495215,0.43760822756321277,0.36158626786615594,0.16962897546813513,0.790658751193737
43,0.358582723174668,0.0,0.0,0.0,0.11632638299352,0.049218545661432266,0.42757853974470345,0.3600418407017507,0.17626145291904918,0.788851500005281
44,0.3714749991959947,0.0,0.0,0.0,0.11748764473618692,0.05195670576533832,0.4179691638181406,0.3586616086396187,0.18238931254096563,0.7866822781870474
45,0.38348986648643685,0.0,0.0,0.0,0.11890861890286701,0.05423906993755676,0.40868014749181986,0.35741826576748514,0.18802551601307552,0.7840947358141704
46,0.3951074770773055,0.0,0.0,0.0,0.1205594248029423,0.056100043555926585,0.39985728792977,0.35630790661808104,0.19329283682933365,0.7811614215614804
47,0.40627597841928903,0.0,0.0,0.0,0.1223984003292958,0.057572420524324035,0.3914528807882465,0.35531672268933984,0.19820916568005423,0.777925134568928
48,0.41669083259219725,0.0,0.0,0.0,0.12435812987651401,0.05864572731488528,0.38331802488597866,0.3544365218907518,0.20276091576641841,0.7744017865945619
49,0.42635670638666956,0.0,0.0,0.0,0.12642922737666293,0.05939507067688711,0.3754121859988176,0.3536983822979334,0.20694983318715407,0.7706886490759846
50,0.43564260305102326,0.0,0.0,0.0,0.128625219597807,0.05988729749260443,0.3678484441814836,0.3531115825784558,0.21086041035630687,0.7668818604700144
51,0.4445498498718729,0.0,0.0,0.0,0.1309230640351687,0.060145689826495714,0.3606057050975798,0.3526634336974577,0.2145148906172703,0.7630072335861454
52,0.4530809956991123,0.0,0.0,0.0,0.1333017728114947,0.06019193236973698,0.3536637381723631,0.35234201712036295,0.21793407218752064,0.7590883957721896
53,0.4612397411436866,0.0,0.0,0.0,0.13574228166313057,0.06004621288406872,0.3470032113522863,0.35213614900489587,0.2211374020392573,0.7551469116200705
54,0.469030803832987,0.0,0.0,0.0,0.13822732016791237,0.05972731378753672,0.3406056908699423,0.3520353444678277,0.22414304957874473,0.7512023947350578
55,0.47645979385625814,0.0,0.0,0.0,0.14074128898497143,0.05925269830630849,0.3344536359626413,0.3520297829156187,0.22696797632766194,0.7472726170691227
56,0.48353309882541995,0.0,0.0,0.0,0.14327014380964984,0.05863859154263446,0.32853038922153077,0.35211027448677096,0.22962800188729862,0.7433736154945375
57,0.4902577779977032,0.0,0.0,0.0,0.14580128575466234,0.057900056781417485,0.32282016318369816,0.3522682276403032,0.2321378664396245,0.7395197953522326
58,0.4966414649276505,0.0,0.0,0.0,0.14832345787669132,0.05705106733288856,0.3173080237204783,0.3524956179130866,0.23451129001526802,0.7357240307616199
59,0.5026922781372317,0.0,0.0,0.0,0.15082664757573502,0.056104574186289564,0.3119798707208057,0.3527849578586256,0.23676102873696425,0.7319977615250922
60,0.5083844751385577,0.0,0.0,0.0,0.15329980566929385,0.05506996965893395,0.30680316022818854,0.35312626575744016,0.23888864744916855,0.7283461368392791
61,0.5137663344620663,0.0,0.0,0.0,0.15573948096814308,0.05395799908625059,0.3017698398427585,0.35350873332215077,0.2409078475950673,0.7247807507081301
62,0.5188583719755793,0.0,0.0,0.0,0.15813986196805438,0.052780120472838435,0.2968740886965195,0.35392695358700277,0.2428319519895512,0.7213103935881212
63,0.523668559827062,0.0,0.0,0.0,0.16049498512083762,0.05154643491418737,0.2921060452097035,0.3543758859627207,0.2446708989928501,0.7179413421874952
64,0.5282051104346046,0.0,0.0,0.0,0.16279972779456162,0.050266195988200243,0.28745643062684173,0.35485084344558804,0.2464338237667072,0.714678904477121
65,0.5324764231130715,0.0,0.0,0.0,0.16504974029315156,0.04894787025946241,0.2829165307815181,0.3553474712066679,0.24812910906262559,0.7115274916850064
66,0.53649103542026,0.0,0.0,0.0,0.16724138216381387,0.04759919377230413,0.27847817708697625,0.3558617264501629,0.24976443310316285,0.7084906867422645
67,0.5402575789186106,0.0,0.0,0.0,0.16937166256435263,0.04622722478724839,0.27413372694508326,0.35638985947179824,0.25134681473798187,0.7055713092442677
68,0.5437847390633204,0.0,0.0,0.0,0.17143818447278783,0.04483839299907071,0.26987604374491064,0.356928395850706,0.25288265604223437,0.7027714770020655
69,0.547081218942158,0.0,0.0,0.0,0.17343909253164264,0.043438545459512576,0.2656984766028202,0.35747411971093573,0.25437778251202064,0.7000926642685865
70,0.5501557066062249,0.0,0.0,0.0,0.17537302432884527,0.042032989413583445,0.2615948399782884,0.3580240579913936,0.2558374809999839,0.6975357567318309
71,0.553016845744444,0.0,0.0,0.0,0.17723906492639802,0.04062653224526729,0.2575593932836206,0.35857546566570786,0.25726653552348555,0.6951011033734389
72,0.5556732094675781,0.0,0.0,0.0,0.1790367044568185,0.03922351871623391,0.25358682059108106,0.35912581185618864,0.25866926106813004,0.6927885652958036
73,0.5581332769801871,0.0,0.0,0.0,0.18076579861586128,0.03782786566976903,0.24967221052767588,0.35967276678870874,0.260049535500605,0.6905975616244879
74,0.560405412931005,0.0,0.0,0.0,0.18242653188819646,0.03644309436151246,0.24581103643576419,0.36021418953795037,0.26141082969677704,0.6885271125952249
75,0.5624978492439157,0.0,0.0,0.0,0.18401938335056117,0.035072360568668595,0.24199913686675603,0.3607481165150175,0.26275623598366804,0.686575879936336
76,0.5642709013602565,0.0,0.0,0.0,0.18553327249770152,0.033700154816335134,0.2381723971442302,0.3612766095301441,0.26404557895249087,0.6847363081397531
77,0.5657491009648762,0.0,0.0,0.0,0.18697168065321415,0.032291213740889724,0.2343245369464483,0.3618154751766856,0.265249150118017,0.6830447250766678
78,0.5670260005808315,0.0,0.0,0.0,0.18834430555636278,0.03085224076856628,0.2304841089837841,0.36236301339481236,0.266389682673519,0.6815080295334042
79,0.5681160455278802,0.0,0.0,0.0,0.1896545055045836,0.02938948541858545,0.22665015774938865,0.36291549314811006,0.2674755791358174,0.6801206591568159
80,0.5690328714143346,0.0,0.0,0.0,0.1909056059899681,0.02790870805893625,0.2228220684530264,0.36346958662172835,0.26851440285005584,0.67887699153786
81,0.5697893405488182,0.0,0.0,0.0,0.19210088744512552,0.026415211615377472,0.21899952810230597,0.3640223324728202,0.2695129390491597,0.677771368220461
82,0.5703975772280074,0.0,0.0,0.0,0.19324357448031065,0.02491387141436478,0.21518248962120043,0.3645711022000626,0.27047725252055027,0.6767981167790609
83,0.5708690019029571,0.0,0.0,0.0,0.19433682650383602,0.02340916325152043,0.21137113882544087,0.36511356938299,0.27141274201711413,0.6759515710466335
84,0.5712143642260642,0.0,0.0,0.0,0.19538372962234576,0.02190518977456703,0.20756586408095395,0.36564768156073013,0.2723241915464234,0.6752260895759988
85,0.5714437749837713,0.0,0.0,0.0,0.1963872897224144,0.02040570526697011,0.20376722847940587,0.3661716345372477,0.27321581866975303,0.6746160724180655
86,0.5715667369228805,0.0,0.0,0.0,0.19735042663981067,0.018914138915751756,0.19997594437262134,0.3666838489164628,0.27409131993976277,0.6741159763008172
87,0.5715880929621141,0.0,0.0,0.0,0.19827391782127882,0.017433572147695045,0.19618998211402955,0.3671812963762064,0.27495749351591997,0.6737183004972188
88,0.5715136556456915,0.0,0.0,0.0,0.19915708492936723,0.015966839934872766,0.1924068357685176,0.3676594419936443,0.275825261107974,0.6734140715718737
89,0.5713522111333338,0.0,0.0,0.0,0.2000032146764683,0.014516290661540896,0.1886281918345062,0.3681172527246842,0.276696419953246,0.6731979155129773
90,0.5711115094646206,0.0,0.0,0.0,0.20081550736123155,0.013084013502361953,0.18485564708971727,0.36855396071654983,0.27757206914651006,0.6730646131600087
91,0.5707987930858337,0.0,0.0,0.0,0.20159700238717265,0.011671885141443718,0.18109080554530987,0.3689689465372627,0.2784530430859027,0.6730090669095056
92,0.5704208245955643,0.0,0.0,0.0,0.20235058213610418,0.01028158515516043,0.1773352682033585,0.36936172371509096,0.27933993713882554,0.6730263075063453
93,0.5699834213374937,0.0,0.0,0.0,0.20307895653348718,0.008914618528372885,0.17359043459955933,0.36973192718259607,0.28023299940678104,0.6731114449281547
94,0.5694901230865055,0.0,0.0,0.0,0.20378525263475208,0.007573272612599969,0.16985705725556371,0.37007957292779375,0.28113090622344766,0.6732596353642806
95,0.5689494129206585,0.0,0.0,0.0,0.20447233183834182,0.006259217297616215,0.16613785855117427,0.37040460063734143,0.2820340827596072,0.6734667070179672
96,0.5683664501849248,0.0,0.0,0.0,0.2051422567372478,0.004973261330783104,0.16243432104964417,0.370706822688377,0.2829427625577123,0.673728208120623
97,0.5677460267147585,0.0,0.0,0.0,0.20579697529587299,0.003716077558149078,0.15874789418877436,0.3709861367499101,0.2838570055618697,0.6740398405626403
98,0.567092590447675,0.0,0.0,0.0,0.20643832456002748,0.002488214232008991,0.15507998951577573,0.3712425165200379,0.2847767177789966,0.6743974614988192
99,0.5664102656954081,0.0,0.0,0.0,0.2070680342260598,0.0012901054331412142,0.1514319758601492,0.3714760033500296,0.2857016690891287,0.6747970840391735
100,0.5657028724172056,0.0,0.0,0.0,0.20768773023705467,0.00012208075273608377,0.14780517527240652,0.37168669869789683,0.2866315097645674,0.6752348773559862
101,0.5649022087077997,0.0,0.0,0.0,0.208295215032695,0.0,0.1441750054196417,0.37187551168216215,0.28754853587878326,0.675701759800251
102,0.563950271647618,0.0,0.0,0.0,0.20888784562763188,0.0,0.140518401454592,0.3720480974338197,0.28844203480622677,0.6762060636478916
103,0.5626480454089184,0.0,0.0,0.0,0.20946277646484449,0.0,0.1367427619830353,0.3721705936413239,0.2892428956545467,0.6767148351696859
104,0.5613361293793911,0.0,0.0,0.0,0.21005607261074416,0.0,0.13297541413193165,0.372230366165729,0.2900034093704162,0.6772608611713511
105,0.5599494296511014,0.0,0.0,0.0,0.21065812730853745,0.0,0.1292010559940394,0.3722348646348602,0.29071599241656904,0.677831057252308
106,0.5585712766403765,0.0,0.0,0.0,0.2112703902397101,0.0,0.12546600413502612,0.37219545357807554,0.29140616946801584,0.6784305213619942
107,0.5572160647073378,0.0,0.0,0.0,0.21189365907005486,0.0,0.12177525319401548,0.37211447439288325,0.2920764236846853,0.6790570779068411
108,0.5558853914648226,0.0,0.0,0.0,0.21252881489226058,0.0,0.1181288315121422,0.3719943435930117,0.29272501148506613,0.6797074266582008
109,0.5545830575742884,0.0,0.0,0.0,0.21317587526127554,0.0,0.1145275175988216,0.3718369983552557,0.29335217342765885,0.6803785518181307
110,0.5533105340941105,0.0,0.0,0.0,0.21383452634735242,0.0,0.11097119902105305,0.3716441949057928,0.29395789767132363,0.681067336394711
111,0.5520690698952128,0.0,0.0,0.0,0.21450444772366264,0.0,0.10745971291688246,0.3714175997565555,0.2945421491310786,0.6817708302303823
112,0.5508597097821926,0.0,0.0,0.0,0.2151853127571549,0.0,0.10399285033059891,0.3711587963612609,0.2951048762763907,0.6824862435822525
113,0.5496833113483462,0.0,0.0,0.0,0.21587678901348167,0.0,0.10057036025291331,0.3708692912411288,0.29564601711601723,0.6832109409609124
114,0.5485405606494749,0.0,0.0,0.0,0.21657853867285753,0.0,0.09719195338759264,0.37055051961826285,0.29616550444472334,0.6839424352115158
115,0.5474319867749107,0.0,0.0,0.0,0.21729021895402298,0.0,0.09385730566408433,0.3702038505923002,0.2966632704206448,0.6846783818221572
116,0.5463579753891056,0.0,0.0,0.0,0.2180114825438255,0.0,0.09056606151421012,0.3698305918936956,0.2971392505362232,0.6854165734459086
117,0.545318781312346,0.0,0.0,0.0,0.21874197803022646,0.0,0.08731783692964483,0.36943199424491036,0.2975933870402963,0.686154934624008
118,0.5443145402047035,0.0,0.0,0.0,0.2194813503368059,0.0,0.08411222231562597,0.36900925535876083,0.2980256318640152,0.6868915166987888
119,0.5433452794131439,0.0,0.0,0.0,0.22022924115706602,0.0,0.08094878515515283,0.3685635236013094,0.29843594909874616,0.6876244929058732
120,0.5423707168888623,0.0,0.0,0.0,0.22097961274510494,0.0,0.07781002600384244,0.36809559748589965,0.29881476165517773,0.6883474120837142
121,0.5414053869473097,0.0,0.0,0.0,0.2217221066953783,0.0,0.07469488364209151,0.3676073913898014,0.29916013804090835,0.6890604969935789
122,0.5404887618574611,0.0,0.0,0.0,0.22245938112838118,0.0,0.07161809611157427,0.36710017879738527,0.2994804685345925,0.6897668289423114
123,0.5396194243233022,0.0,0.0,0.0,0.22319232507476927,0.0,0.06857933190522035,0.36657463023924586,0.2997762614006498,0.6904647382272607
124,0.5387959481951478,0.0,0.0,0.0,0.22392175399367517,0.0,0.0655782493614066,0.3660314162082121,0.3000480061809778,0.6911526741309049
125,0.5380169028151027,0.0,0.0,0.0,0.22464841364682384,0.0,0.06261449742157217,0.3654712068903381,0.30029617664394714,0.6918292002069264
126,0.5372715849851221,0.0,0.0,0.0,0.2253711725647445,0.0,0.0596886108738879,0.36489977218919784,0.3005175608800774,0.6924919533182875
127,0.5365599957072495,0.0,0.0,0.0,0.22608810077676111,0.0,0.05681094200179224,0.3643294460119357,0.3007088953799304,0.6931399656802668
128,0.5358838239363668,0.0,0.0,0.0,0.22679964415582018,0.0,0.05398183493403363,0.3637602151145576,0.30087123265914295,0.6937723736884588
129,0.5352419065298235,0.0,0.0,0.0,0.22750611288436268,0.0,0.05120010130339958,0.3631915738264893,0.30100520412036097,0.6943880720959884
130,0.5346330987271184,0.0,0.0,0.0,0.2282078084568466,0.0,0.048464598503501564,0.3626230868638388,0.30111144853537053,0.6949860571380598
131,0.53405627420779,0.0,0.0,0.0,0.22890502217321582,0.0,0.04577422672826958,0.3620543846588864,0.3011906108353334,0.6955654220559846
132,0.5335103252026726,0.0,0.0,0.0,0.22959803382403932,0.0,0.0431279262592405,0.3614851588772884,0.30124334097830957,0.6961253527870689
133,0.5329941626462443,0.0,0.0,0.0,0.2302871105575639,0.0,0.040524674982362174,0.3609151581206906,0.3012702928888948,0.6966651238080649
134,0.5325067163592511,0.0,0.0,0.0,0.23097250591873525,0.0,0.037963486117010364,0.3603441838120778,0.3012721234651212,0.697184094121455
135,0.532046935252182,0.0,0.0,0.0,0.2316544590501416,0.0,0.035443406140891524,0.3597720862608766,0.30124949164809267,0.6976817033751678
136,0.5316137875414005,0.0,0.0,0.0,0.2323331940448353,0.0,0.032963512895448625,0.35919876090454,0.3012030575501306,0.6981574681075473
137,0.5312062609708439,0.0,0.0,0.0,0.23300891944105181,0.0,0.030522913857300417,0.3586241447230936,0.3011334816375015,0.6986109781104569
138,0.5308233630332125,0.0,0.0,0.0,0.23368182784898006,0.0,0.028120744562125023,0.35804821282293087,0.3010414239640663,0.699041892904314
139,0.5304641211854512,0.0,0.0,0.0,0.23435209569991747,0.0,0.025756167168245702,0.3574709751859341,0.30092754345246314,0.6994499383196889
140,0.5301275830541238,0.0,0.0,0.0,0.2350198831083756,0.0,0.02342836914798989,0.35689247357987286,0.30079249721967205,0.699834903180788
141,0.5298128166269935,0.0,0.0,0.0,0.23568533383796594,0.0,0.02113656209567222,0.35631277862588473,0.3006369399440529,0.7001966360867898
142,0.5295189104277652,0.0,0.0,0.0,0.23634857536219062,0.0,0.018879980641796898,0.35573198701874426,0.30046152327116127,0.7005350422875114
143,0.5292449736714936,0.0,0.0,0.0,0.23700971901158155,0.0,0.01665788146378714,0.3551502188955485,0.30026689525585576,0.7008500806503591
144,0.5289901363986734,0.0,0.0,0.0,0.23766886019897204,0.0,0.014469542384227303,0.3545676153483679,0.300053699838405,0.7011417607159232
145,0.5287535495864761,0.0,0.0,0.0,0.2383260787150341,0.0,0.012314261548248374,0.3539843360763868,0.29982257635248044,0.7014101398398974
146,0.5285343852359693,0.0,0.0,0.0,0.23898143908657613,0.0,0.010191356672301144,0.3534005571730114,0.2995741590630967,0.7016553204193069
147,0.5283318364345369,0.0,0.0,0.0,0.23963499099046803,0.0,0.008100164357142049,0.35281646904341546,0.2993090767327098,0.7018774472012654
148,0.528145117392972,0.0,0.0,0.0,0.24028676971642338,0.0,0.006040039458407918,0.35223227444799604,0.2990279522138377,0.702076704672687
149,0.5279734634570324,0.0,0.0,0.0,0.24093679667224768,0.0,0.004010354508675875,0.35164818666722086,0.29873140206670296,0.7022533145295425
150,0.527816131093446,0.0,0.0,0.0,0.24158507992552394,0.0,0.0020104991853962554,0.3510644277833701,0.2984200362005173,0.7024075332243913
151,0.5276723978505607,0.0,0.0,0.0,0.24223161477607533,0.0,3.9879819549586976e-05,0.3504812270747179,0.29809445753715264,0.7025396495910239
152,0.5274295459861409,0.0,0.0,0.0,0.24286384472017966,0.0,0.0,0.3498930990941367,0.29773136370618636,0.7026473345457558
153,0.5271801587738508,0.0,0.0,0.0,0.24348530179252553,0.0,0.0,0.3492971698096058,0.2973508548418893,0.7027533360443879
154,0.5269341398010318,0.0,0.0,0.0,0.24409685715936932,0.0,0.0,0.3486949329776644,0.29695624522561376,0.7028582956349582
155,0.5266918810458927,0.0,0.0,0.0,0.24469863205661402,0.0,0.0,0.34808768678257174,0.296548779830256,0.7029617397488188
156,0.5264537211827229,0.0,0.0,0.0,0.24529075292527805,0.0,0.0,0.3474766440461543,0.29612962472017046,0.7030632133448422
157,0.526219949591136,0.0,0.0,0.0,0.24587334931102547,0.0,0.0,0.3468629363691494,0.29569987279046117,0.7031622824128578
158,0.5259908101421995,0.0,0.0,0.0,0.24644655208131458,0.0,0.0,0.34624761814413907,0.29526054906775534,0.7032585360167483
159,0.5257662180787384,0.0,0.0,0.0,0.24701047196642137,0.0,0.0,0.34563166632785913,0.29481255498748465,0.7033515503737569
160,0.5255384855474872,0.0,0.0,0.0,0.2475654764583386,0.0,0.0,0.34501569659692555,0.2943550490333429,0.7034390298761181
161,0.525316861953079,0.0,0.0,0.0,0.24811299087489622,0.0,0.0,0.3444005398669301,0.2938907628157578,0.7035209588463422
162,0.5251015068513498,0.0,0.0,0.0,0.24865298140022193,0.0,0.0,0.3437870305286597,0.2934205642872642,0.7035970759668965
163,0.5248924387448043,0.0,0.0,0.0,0.24918541162356897,0.0,0.0,0.34317593633594673,0.29294524602345046,0.7036671360260082
164,0.524689651132804,0.0,0.0,0.0,0.2497102507610707,0.0,0.0,0.3425679635412095,0.29246555263148344,0.70373092328027
165,0.5244931149306653,0.0,0.0,0.0,0.2502274728861517,0.0,0.0,0.3419637605280639,0.2919821840582845,0.7037882511680615
166,0.524302780737291,0.0,0.0,0.0,0.2507370562757796,0.0,0.0,0.341363921268196,0.2914957986401109,0.7038389618572092
167,0.5241185809586957,0.0,0.0,0.0,0.2512389828596685,0.0,0.0,0.34076898860788407,0.29100701591296463,0.7038829256478937
168,0.5239404317944591,0.0,0.0,0.0,0.25173323776072304,0.0,0.0,0.34017945738974154,0.29051641920190435,0.7039200402501157
169,0.5237682350938027,0.0,0.0,0.0,0.25221980891608087,0.0,0.0,0.3395957774153968,0.2900245580060912,0.7039502299534923
170,0.5236018800876823,0.0,0.0,0.0,0.25269868676909457,0.0,0.0,0.3390183562549057,0.28953195019521905,0.7039734447056821
171,0.5234412450030147,0.0,0.0,0.0,0.25316986402350233,0.0,0.0,0.33844756190874187,0.2890390840318994,0.7039896591143531
172,0.5232609811741128,0.0,0.0,0.0,0.2536326059276495,0.0,0.0,0.33788237124486065,0.28854132824780176,0.7039941924777429
173,0.5230769733320434,0.0,0.0,0.0,0.25409139454022367,0.0,0.0,0.33732062506802407,0.2880430677147812,0.7039849316340455
174,0.5229000870240403,0.0,0.0,0.0,0.25454705397749083,0.0,0.0,0.33676268023991995,0.2875471550855061,0.7039635126882687
175,0.5227299912825131,0.0,0.0,0.0,0.25499935811556435,0.0,0.0,0.33620886099156183,0.28705402951009146,0.7039304676082305
176,0.5225663638491724,0.0,0.0,0.0,0.2554480984967469,0.0,0.0,0.33565945783883155,0.2865640978991718,0.7038863326464799
177,0.5224088915963683,0.0,0.0,0.0,0.2558930832226818,0.0,0.0,0.33511472987455637,0.28607773749719073,0.7038316462578273
178,0.5222572708660296,0.0,0.0,0.0,0.25633413593311966,0.0,0.0,0.33457490693203484,0.2855952982063801,0.703766947195189
179,0.5221112077344467,0.0,0.0,0.0,0.2567710948633188,0.0,0.0,0.3340401916266579,0.2851171046846136,0.7036927727712283
180,0.5219704182098733,0.0,0.0,0.0,0.25720381197353953,0.0,0.0,0.3335107612818887,0.28464345823827364,0.7036096572742069
181,0.5218346283694179,0.0,0.0,0.0,0.25763215214456064,0.0,0.0,0.3329867697455068,0.28417463852950037,0.7035181305273455
182,0.5217035744412011,0.0,0.0,0.0,0.2580559924335834,0.0,0.0,0.3324683491017011,0.28371090511557195,0.703418716581835
183,0.521577002837321,0.0,0.0,0.0,0.2584752213853195,0.0,0.0,0.33195561128429274,0.28325249883666287,0.7033119325343684
184,0.521454670142743,0.0,0.0,0.0,0.25888973839344204,0.0,0.0,0.331448649596089,0.2827996430668425,0.7031982874607652
185,0.5213363430648321,0.0,0.0,0.0,0.25929945310796226,0.0,0.0,0.3309475401391152,0.2823525448418918,0.7030782814578687
186,0.5212217983479018,0.0,0.0,0.0,0.2597042848844371,0.0,0.0,0.33045234316022465,0.2819113958763375,0.702952404786457
187,0.5211108226567951,0.0,0.0,0.0,0.26010416227124533,0.0,0.0,0.329963104316363,0.28147637348101967,0.7028211371084376
188,0.5210032124332005,0.0,0.0,0.0,0.2604990225314759,0.0,0.0,0.329479855863553,0.2810476413914953,0.7026849468120463
189,0.5208987737281088,0.0,0.0,0.0,0.26088881119626567,0.0,0.0,0.3290026177734692,0.2806253505166617,0.7025442904192136
190,0.5207973220135518,0.0,0.0,0.0,0.26127348164668057,0.0,0.0,0.32853139878128285,0.2802096396161308,0.7023996120696463
191,0.5206986819764837,0.0,0.0,0.0,0.26165299472150394,0.0,0.0,0.32806619736828757,0.2798006359140977,0.7022513430765216
192,0.5206026872974522,0.0,0.0,0.0,0.26202731834850906,0.0,0.0,0.32760700268264475,0.2793984556567325,0.7020999015490369
193,0.5205091804164609,0.0,0.0,0.0,0.26239642719702744,0.0,0.0,0.32715379540144196,0.2790032046194503,0.7019456920773385
194,0.5204180122882335,0.0,0.0,0.0,0.26276030234981684,0.0,0.0,0.326706548537096,0.27861497856981604,0.7017891054756421
195,0.5203290421288828,0.0,0.0,0.0,0.2631189309924204,0.0,0.0,0.3262652281910087,0.27823386369127456,0.701630518579598
196,0.5202421371558201,0.0,0.0,0.0,0.26347230611838274,0.0,0.0,0.3258297942572378,0.27785993697238026,0.7014702940942065
197,0.5201571723225665,0.0,0.0,0.0,0.2638204262488542,0.0,0.0,0.3254002010788246,0.2774932665657428,0.7013087804887791
198,0.5200740300499732,0.0,0.0,0.0,0.26416329516524767,0.0,0.0,0.32497639805930134,0.2771339121204501,0.7011463119356632
199,0.5199925999552146,0.0,0.0,0.0,0.2645009216537639,0.0,0.0,0.32455833023178154,0.2767819250913687,0.7009832082896179
200,0.519912778579787,0.0,0.0,0.0,0.2648333192607122,0.0,0.0,0.32414593878793385,0.2764373490283266,0.7008197751049096
201,0.5198344691176133,0.0,0.0,0.0,0.2651605060576783,0.0,0.0,0.32373916156902716,0.2761002198478748,0.7006563036873431
202,0.5197575811442569,0.0,0.0,0.0,0.26548250441568794,0.0,0.0,0.32333793352114343,0.27577056609002104,0.7004930711786149
203,0.5196820303481187,0.0,0.0,0.0,0.26579934078761125,0.0,0.0,0.3229421871165535,0.27544840916204727,0.7003303406704836
204,0.5196077382644136,0.0,0.0,0.0,0.26611104549814646,0.0,0.0,0.32255185274315795,0.2751337635712797,0.7001683613464148
205,0.5195346320126194,0.0,0.0,0.0,0.26641765254079086,0.0,0.0,0.32216685906381687,0.27482663714844935,0.7000073686484554
206,0.51946264403802,0.0,0.0,0.0,0.2667191993812856,0.0,0.0,0.3217871333472951,0.27452703126308353,0.6998475844672248
207,0.5193917118578651,0.0,0.0,0.0,0.26701572676707985,0.0,0.0,0.3214126017724791,0.2742349410321667,0.6996892173530103
208,0.5193217778126328,0.0,0.0,0.0,0.2673072785424266,0.0,0.0,0.32104318970743867,0.27395035552316005,0.6995324627460577
209,0.5192527888227803,0.0,0.0,0.0,0.26759390146876594,0.0,0.0,0.32067882196483355,0.27367325795230063,0.6993775032242516
210,0.5191846961513323,0.0,0.0,0.0,0.2678756450501025,0.0,0.0,0.32031942303509736,0.27340362587897177,0.699224508766467
211,0.5191174551725946,0.0,0.0,0.0,0.2681525613631279,0.0,0.0,0.31996491729875504,0.2731414313968147,0.6990736370299632
212,0.519051025147226,0.0,0.0,0.0,0.2684247048918751,0.0,0.0,0.3196152292191727,0.27288664132213564,0.6989250336402762
213,0.5189853690038655,0.0,0.0,0.0,0.2686921323667195,0.0,0.0,0.31927028351696785,0.27263921738006497,0.698778832492148
214,0.518920453127457,0.0,0.0,0.0,0.2689549026075796,0.0,0.0,0.3189300053272549,0.27239911638884207,0.6986351560601041
215,0.5188562471543914,0.0,0.0,0.0,0.269213076371191,0.0,0.0,0.31859432034083657,0.2721662904425143,0.6984941157173614
216,0.5187927237745368,0.0,0.0,0.0,0.2694667162023486,0.0,0.0,0.3182631549303982,0.27194068709227437,0.6983558120618366
217,0.5187298585402053,0.0,0.0,0.0,0.269715886289033,0.0,0.0,0.31793643626271173,0.27172224952659685,0.6982203352480616
218,0.5186676296820774,0.0,0.0,0.0,0.26996065232135746,0.0,0.0,0.31761409239779587,0.27151091675028155,0.6980877653239104
219,0.5186060179320672,0.0,0.0,0.0,0.27020108135427456,0.0,0.0,0.3172960523759431,0.2713066237624656,0.6979581725710816
220,0.518545006353111,0.0,0.0,0.0,0.27043724167401006,0.0,0.0,0.31698224629346156,0.2711093017336251,0.6978316178483536
221,0.5184845801758113,0.0,0.0,0.0,0.270669202668184,0.0,0.0,0.31667260536794706,0.2709188781815508,0.6977081529366732
222,0.5184247266418867,0.0,0.0,0.0,0.27089703469960336,0.0,0.0,0.31636706199385256,0.2707352771462562,0.6975878208852158
223,0.5183654348543202,0.0,0.0,0.0,0.271120808983701,0.0,0.0,0.3160655497890766,0.27055841936374875,0.6974706563575792
224,0.5183066956341306,0.0,0.0,0.0,0.2713405974696158,0.0,0.0,0.31576800363325913,0.2703882224385734,0.6973566859773583
225,0.5182485013836282,0.0,0.0,0.0,0.2715564727249018,0.0,0.0,0.3154743596984358,0.27022460101502294,0.6972459286723685
226,0.5181908459560542,0.0,0.0,0.0,0.2717685078238583,0.0,0.0,0.3151845554726548,0.2700674669468975,0.697138396016848
227,0.518133724531457,0.0,0.0,0.0,0.271976776239482,0.0,0.0,0.31489852977713706,0.2699167294656763,0.6970340925710131
228,0.5180771334986686,0.0,0.0,0.0,0.27218135173903085,0.0,0.0,0.31461622277752554,0.26977229534697134,0.6969330162173853
229,0.5180210703432335,0.0,0.0,0.0,0.2723823082831979,0.0,0.0,0.31433757598972856,0.26963406907511167,0.6968351584933462
230,0.5179655335411397,0.0,0.0,0.0,0.2725797199288907,0.0,0.0,0.3140625322808426,0.2695019530057168,0.6967405049194257
231,0.5179105224581837,0.0,0.0,0.0,0.27277366073560677,0.0,0.0,0.31379103586560836,0.26937584752610777,0.6966490353228588
232,0.5178560372548184,0.0,0.0,0.0,0.2729642046753985,0.0,0.0,0.31352303229881884,0.2692556512134115,0.6965607241559898
233,0.5178020787963147,0.0,0.0,0.0,0.2731514255464138,0.0,0.0,0.31325846846408345,0.2691412609902071,0.696475540809144
234,0.5177486485680657,0.0,0.0,0.0,0.27333539689000286,0.0,0.0,0.31299729255931813,0.26903257227757815,0.6963934499176075
235,0.5176957485958746,0.0,0.0,0.0,0.2735161919113651,0.0,0.0,0.3127394540793107,0.268929479145427,0.6963144116624014
236,0.5176433813710504,0.0,0.0,0.0,0.2736938834037296,0.0,0.0,0.31248490379569244,0.2688318744599233,0.6962383820645636
237,0.5175915497801407,0.0,0.0,0.0,0.2738685436760305,0.0,0.0,0.31223359373461296,0.2687396500279531,0.6961653132726853
238,0.5175402570391459,0.0,0.0,0.0,0.2740402444840628,0.0,0.0,0.31198547715240943,0.26865269673845643,0.6960951538434692
239,0.5174895066320269,0.0,0.0,0.0,0.27420905696507936,0.0,0.0,0.3117405085095347,0.2685709047005344,0.696027849015122
240,0.5174393022533632,0.0,0.0,0.0,0.2743750515757999,0.0,0.0,0.31149864344298545,0.26849416337822246,0.6959633409733967
241,0.5173896477549785,0.0,0.0,0.0,0.2745382980337916,0.0,0.0,0.3112598387374663,0.26842236172183515,0.6959015691101459
242,0.5173405470963809,0.0,0.0,0.0,0.27469886526218246,0.0,0.0,0.31102405229549557,0.2683553882957891,0.6958424702742689
243,0.5172920042988581,0.0,0.0,0.0,0.27485682133766093,0.0,0.0,0.3107912431066546,0.2682931314028299,0.6957859790149354
244,0.5172440234030634,0.0,0.0,0.0,0.2750122334417132,0.0,0.0,0.31056137121615923,0.2682354792045865,0.69573202781703
245,0.5171966084299506,0.0,0.0,0.0,0.2751651678150512,0.0,0.0,0.31033439769292015,0.2681823198383941,0.6956805473287425
246,0.5171423438970641,0.0,0.0,0.0,0.27531465785973747,0.0,0.0,0.3101102242768565,0.26813178663095183,0.6956306033074283
247,0.5170828003127452,0.0,0.0,0.0,0.2754587160705207,0.0,0.0,0.3098889479037953,0.2680831293833711,0.6955823879460754
248,0.5170259208508307,0.0,0.0,0.0,0.2755978584742045,0.0,0.0,0.3096705979434038,0.2680378485545618,0.6955367667531208
249,0.5169716049664447,0.0,0.0,0.0,0.2757322698615443,0.0,0.0,0.30945509261333615,0.2679958956941392,0.6954936382707709
250,0.5169197548456846,0.0,0.0,0.0,0.2758621310968249,0.0,0.0,0.30924235372324926,0.26795721962713176,0.6954529008416472
251,0.5168702753802584,0.0,0.0,0.0,0.275987619057134,0.0,0.0,0.3090323066373806,0.2679217666914502,0.6954144528137857
252,0.516823074124634,0.0,0.0,0.0,0.27610890657697146,0.0,0.0,0.308824880223689,0.2678894809619841,0.6953781927372603
253,0.5167780612531907,0.0,0.0,0.0,0.2762261624000009,0.0,0.0,0.3086200067913052,0.267860304465296,0.6953440195537492
254,0.5167351495172455,0.0,0.0,0.0,0.2763395511382096,0.0,0.0,0.308417622017744,0.26783417738516874,0.695311832778416
255,0.5166942542018832,0.0,0.0,0.0,0.2764492332386402,0.0,0.0,0.3082176648672272,0.2678110382592562,0.695281532673599
256,0.5166552930825293,0.0,0.0,0.0,0.27655536495776545,0.0,0.0,0.30802007750137383,0.26779082416707345,0.695253020413927
257,0.5166181863812451,0.0,0.0,0.0,0.2766580983435011,0.0,0.0,0.30782480518343186,0.26777347090956244,0.6952261982425657
258,0.5165828567227264,0.0,0.0,0.0,0.2767575812247758,0.0,0.0,0.30763179617713016,0.267758913180458,0.6952009696184003
259,0.5165492290900203,0.0,0.0,0.0,0.2768539572085309,0.0,0.0,0.3074410016411538,0.26774708472967373,0.6951772393540284
260,0.5165172307799674,0.0,0.0,0.0,0.27694736568396144,0.0,0.0,0.3072523755201663,0.2677379185189232,0.69515491374452
261,0.5164867913584079,0.0,0.0,0.0,0.27703794183377484,0.0,0.0,0.30706587443322353,0.2677313468697885,0.6951339006869445
262,0.5164578426151857,0.0,0.0,0.0,0.27712581665220315,0.0,0.0,0.3068814575603552,0.2677273016044396,0.6951141097907358
263,0.5164303185189907,0.0,0.0,0.0,0.2772111169694882,0.0,0.0,0.3066990865280234,0.26772571417920893,0.6950954524790073
264,0.5164041551720898,0.0,0.0,0.0,0.277293965482519,0.0,0.0,0.3065187252940985,0.2677265158112216,0.6950778420809554
265,0.5163792907649967,0.0,0.0,0.0,0.27737448079130217,0.0,0.0,0.30634034003293487,0.2677296375982705,0.6950611939155475
266,0.5163556655311292,0.0,0.0,0.0,0.2774527774409199,0.0,0.0,0.30616389902107227,0.2677350106321435,0.6950454253666971
267,0.5163332217015167,0.0,0.0,0.0,0.27752896596862464,0.0,0.0,0.30598937252402797,0.2677425661055773,0.6950304559501745
268,0.5163119034595995,0.0,0.0,0.0,0.27760315295572363,0.0,0.0,0.30581673268460396,0.2677522354130391,0.6950162073724981
269,0.51629165689618,0.0,0.0,0.0,0.2776754410838872,0.0,0.0,0.30564595341307554,0.26776395024551675,0.6950026035820857
270,0.5162724299645767,0.0,0.0,0.0,0.27774592919553454,0.0,0.0,0.3054770102795883,0.26777764267950277,0.6949895708129549
271,0.5162541724360271,0.0,0.0,0.0,0.2778147123579391,0.0,0.0,0.3053098804090467,0.2677932452603567,0.6949770376212626
272,0.5162368358553923,0.0,0.0,0.0,0.2778818819307094,0.0,0.0,0.3051445423787433,0.2678106910802235,0.6949649349149889
273,0.5162203734972032,0.0,0.0,0.0,0.27794752563630526,0.0,0.0,0.3049809761189283,0.26782991385068716,0.6949531959770724
274,0.5162047403220966,0.0,0.0,0.0,0.2780117276332606,0.0,0.0,0.30481916281650434,0.26785084797034003,0.6949417564823164
275,0.5161898929336738,0.0,0.0,0.0,0.2780745685917864,0.0,0.0,0.3046590848219834,0.26787342858743707,0.6949305545083587
276,0.5161757895358283,0.0,0.0,0.0,0.2781361257714524,0.0,0.0,0.30450072555982444,0.26789759165781324,0.694919530541037
277,0.5161623898905715,0.0,0.0,0.0,0.2781964731006391,0.0,0.0,0.3043440694422386,0.2679232739982303,0.6949086274744397
278,0.5161496552763866,0.0,0.0,0.0,0.27825568125748246,0.0,0.0,0.3041891017865285,0.2679504133353237,0.6948977906059576
279,0.5161375484471444,0.0,0.0,0.0,0.27831381775203395,0.0,0.0,0.30403580873600494,0.26797894835032005,0.6948869676266335
280,0.5161260335916016,0.0,0.0,0.0,0.27837094700937653,0.0,0.0,0.3038841771845001,0.26800881871968124,0.6948761086071029
281,0.5161150762935114,0.0,0.0,0.0,0.2784271304534513,0.0,0.0,0.30373419470448426,0.26803996515184614,0.6948651659794135
282,0.516104643492358,0.0,0.0,0.0,0.2784824265913596,0.0,0.0,0.30358584947877704,0.2680723294202219,0.6948540945150072
283,0.5160947034447426,0.0,0.0,0.0,0.2785368910979248,0.0,0.0,0.3034391302358187,0.2681058543925887,0.6948428512991345
284,0.5160852256864313,0.0,0.0,0.0,0.2785905769003048,0.0,0.0,0.30329402618846985,0.2681404840570675,0.6948313957019688
285,0.5160761809950772,0.0,0.0,0.0,0.2786435342624633,0.0,0.0,0.3031505269762833,0.268176163544804,0.6948196893466763
286,0.5160675413536298,0.0,0.0,0.0,0.2786958108693226,0.0,0.0,0.3030086226111869,0.2682128391495199,0.6948076960746913
287,0.5160592799144413,0.0,0.0,0.0,0.27874745191042827,0.0,0.0,0.3028683034265077,0.26825045834407374,0.6947953819084346
288,0.5160513709640769,0.0,0.0,0.0,0.27879850016297436,0.0,0.0,0.30272956002925827,0.26828896979417927,0.6947827150117042
289,0.5160437898888318,0.0,0.0,0.0,0.278848996074047,0.0,0.0,0.3025923832555973,0.26832832336941626,0.694769665647967
290,0.5160365131409567,0.0,0.0,0.0,0.2788989778419554,0.0,0.0,0.30245676412937683,0.26836847015167353,0.6947562061367514
291,0.5160295182056035,0.0,0.0,0.0,0.2789484814965329,0.0,0.0,0.30232269382367843,0.26840936244116,0.6947423108083555
292,0.5160227835684784,0.0,0.0,0.0,0.2789975409783003,0.0,0.0,0.30219016362523626,0.2684509537601082,0.694727955957059
293,0.5160162886842128,0.0,0.0,0.0,0.27904618821639565,0.0,0.0,0.30205916490164947,0.2684931988543043,0.694713119793026
294,0.516010013945438,0.0,0.0,0.0,0.2790944532051802,0.0,0.0,0.3019296890712732,0.26853605369256334,0.6946977823930717
295,0.5160039406525746,0.0,0.0,0.0,0.27914236407944965,0.0,0.0,0.30180172757568263,0.26857947546427313,0.6946819256504654
296,0.515998050984319,0.0,0.0,0.0,0.2791899471881756,0.0,0.0,0.30167527185460613,0.2686234225751214,0.6946655332239273
297,0.5159923279688287,0.0,0.0,0.0,0.2792372271667227,0.0,0.0,0.3015503133232108,0.2686678546411222,0.6946485904859645
298,0.5159867554555978,0.0,0.0,0.0,0.27928422700749034,0.0,0.0,0.3014268433516418,0.26871273248105015,0.6946310844706975
299,0.5159813180880172,0.0,0.0,0.0,0.2793309681289314,0.0,0.0,0.30130485324669937,0.26875801810738853,0.6946130038213087
300,0.515976001276611,0.0,0.0,0.0,0.2793774704429163,0.0,0.0,0.30118433423555185,0.2688036747158944,0.694594338737232
301,0.5159707911729378,0.0,0.0,0.0,0.27942375242041334,0.0,0.0,0.30106527745137507,0.2688496666738836,0.6945750809212143
302,0.5159656746441538,0.0,0.0,0.0,0.2794698311554578,0.0,0.0,0.3009476739208166,0.2688959595073265,0.6945552235263549
303,0.515960639248226,0.0,0.0,0.0,0.27951572242739864,0.0,0.0,0.3008315145531828,0.26894251988684953,0.6945347611032266
304,0.5159556732097799,0.0,0.0,0.0,0.27956144076140804,0.0,0.0,0.30071679013124536,0.2689893156127327,0.6945136895471812
305,0.5159507653965817,0.0,0.0,0.0,0.27960699948724993,0.0,0.0,0.30060349130357417,0.26903631559898666,0.6944920060459252
306,0.5159459052966391,0.0,0.0,0.0,0.2796524107963042,0.0,0.0,0.3004916085782963,0.2690834898565924,0.6944697090274565
307,0.5159410829959065,0.0,0.0,0.0,0.2796976857968521,0.0,0.0,0.3003811323181927,0.2691308094759843,0.6944467981084371
308,0.5159362891565958,0.0,0.0,0.0,0.2797428345676282,0.0,0.0,0.30027205273704083,0.26917824660884726,0.6944232740430758
309,0.5159315149960628,0.0,0.0,0.0,0.2797878662096511,0.0,0.0,0.30016435989711576,0.26922577444930706,0.694399138672592
310,0.5159267522662783,0.0,0.0,0.0,0.2798327888963476,0.0,0.0,0.30005804370776973,0.26927336721457645,0.6943743948753158
311,0.5159219932338618,0.0,0.0,0.0,0.27987760992198396,0.0,0.0,0.2999530939250026,0.2693210001251283,0.6943490465174901
312,0.515917230660665,0.0,0.0,0.0,0.2799223357484322,0.0,0.0,0.29984950015195333,0.2693686493844536,0.6943230984048215
313,0.5159124577849006,0.0,0.0,0.0,0.27996697205028787,0.0,0.0,0.2997472518402323,0.26941629215846835,0.6942965562348222
314,0.5159076683027983,0.0,0.0,0.0,0.2800115237583644,0.0,0.0,0.299646338292025,0.26946390655462565,0.6942694265500012
315,0.5159028563507866,0.0,0.0,0.0,0.28005599510159473,0.0,0.0,0.2995467486628993,0.2695114716007822,0.6942417166919294
316,0.5158980164881739,0.0,0.0,0.0,0.2801003896473676,0.0,0.0,0.2994484719652538,0.269558967223877,0.6942134347562148
317,0.5158931436803346,0.0,0.0,0.0,0.2801447103403267,0.0,0.0,0.29935149707233594,0.26960637422846634,0.6941845895484309
318,0.5158882332823796,0.0,0.0,0.0,0.28018895953966744,0.0,0.0,0.29925581272278406,0.2696536742751609,0.6941551905410062
319,0.5158832810232997,0.0,0.0,0.0,0.2802331390549605,0.0,0.0,0.29916140752562764,0.26970084985900966,0.6941252478311133
320,0.5158782829905765,0.0,0.0,0.0,0.2802772501805416,0.0,0.0,0.29906826996569563,0.2697478842878686,0.6940947720995705
321,0.5158732356152441,0.0,0.0,0.0,0.28032129372849396,0.0,0.0,0.29897638840938545,0.26979476166079513,0.694063774570781
322,0.5158678923144063,0.0,0.0,0.0,0.2803652577975428,0.0,0.0,0.2988857465089832,0.2698414148633557,0.6940322299184589
323,0.5158618614052838,0.0,0.0,0.0,0.28040922828954645,0.0,0.0,0.29879630050775374,0.26988773626933427,0.6939999691080746
324,0.5158558820145801,0.0,0.0,0.0,0.28045329023163856,0.0,0.0,0.29870804227809006,0.26993386884899534,0.6939670482844134
325,0.5158499472384298,0.0,0.0,0.0,0.2804974240063682,0.0,0.0,0.2986209650428165,0.26997980398706584,0.6939334843034398
326,0.5158440505621064,0.0,0.0,0.0,0.28054161101772096,0.0,0.0,0.29853506127070917,0.27002553327970175,0.6938992944195518
327,0.5158381859642144,0.0,0.0,0.0,0.28058583364904865,0.0,0.0,0.298450322755978,0.270071048576726,0.6938644962539098
328,0.5158323478873683,0.0,0.0,0.0,0.2806300752123489,0.0,0.0,0.2983667406898836,0.27011634199294104,0.6938291077495269
329,0.5158265312107151,0.0,0.0,0.0,0.28067431989977665,0.0,0.0,0.2982843057265302,0.270161405917231,0.6937931471289371
330,0.5158207312241693,0.0,0.0,0.0,0.28071855273735,0.0,0.0,0.2982030080432707,0.2702062330196748,0.6937566328542565
331,0.5158149436042411,0.0,0.0,0.0,0.2807627595408012,0.0,0.0,0.29812283739613127,0.2702508162568806,0.6937195835894702
332,0.5158091643913552,0.0,0.0,0.0,0.2808069268735271,0.0,0.0,0.2980437831706332,0.2702951488757225,0.6936820181647877
333,0.5158033899685452,0.0,0.0,0.0,0.2808510420065771,0.0,0.0,0.2979658344283615,0.2703392244156522,0.6936439555429312
334,0.5157976170414394,0.0,0.0,0.0,0.28089509288062364,0.0,0.0,0.29788897994961017,0.27038303670973873,0.6936054147872388
335,0.5157918426194439,0.0,0.0,0.0,0.2809390680698513,0.0,0.0,0.29781320827240143,0.270426579884577,0.6935664150314683
336,0.515786063998043,0.0,0.0,0.0,0.2809829567477008,0.0,0.0,0.2977385077281648,0.2704698483591944,0.6935269754512061
337,0.5157802787421388,0.0,0.0,0.0,0.2810267486544018,0.0,0.0,0.2976648664743356,0.27051283684306576,0.6934871152367904
338,0.5157744846703605,0.0,0.0,0.0,0.281070434066228,0.0,0.0,0.29759227252411274,0.27055554033334955,0.6934468535676763
339,0.5157686798402737,0.0,0.0,0.0,0.2811140037664091,0.0,0.0,0.29752071377360073,0.27059795411143606,0.6934062095881597
340,0.5157628625344416,0.0,0.0,0.0,0.2811574490176292,0.0,0.0,0.297450178026548,0.2706400737388939,0.6933652023844045
341,0.5157570312472566,0.0,0.0,0.0,0.28120076153604895,0.0,0.0,0.297380653016866,0.27068189505289847,0.6933238509627101
342,0.5157511846725146,0.0,0.0,0.0,0.2812439334667809,0.0,0.0,0.2973121264291134,0.2707234141612047,0.6932821742289681
343,0.5157453216916768,0.0,0.0,0.0,0.2812869573607567,0.0,0.0,0.29724458591710967,0.2707646274367403,0.69324019096925
344,0.5157394413627565,0.0,0.0,0.0,0.2813298261529202,0.0,0.0,0.2971780191208255,0.27080553151186704,0.6931979198314949
345,0.5157335429098179,0.0,0.0,0.0,0.2813725331416821,0.0,0.0,0.2971124136816969,0.2708461232723698,0.6931553793082414
346,0.5157276257130248,0.0,0.0,0.0,0.28141507196957816,0.0,0.0,0.29704775725649096,0.27088639985121943,0.6931125877203738
347,0.5157216892992134,0.0,0.0,0.0,0.28145743660506817,0.0,0.0,0.2969840375298416,0.27092635862215053,0.6930695632018411
348,0.5157157333329551,0.0,0.0,0.0,0.2814996213254189,0.0,0.0,0.29692124222556876,0.2709659971930965,0.6930263236853199
349,0.5157097576080787,0.0,0.0,0.0,0.2815416207006161,0.0,0.0,0.29685935911688094,0.27100531339951367,0.6929828868887801
350,0.5157037620396211,0.0,0.0,0.0,0.2815834295782475,0.0,0.0,0.2967983760355584,0.2710443052976287,0.6929392703029318
351,0.5156977466561823,0.0,0.0,0.0,0.2816250430693049,0.0,0.0,0.2967382808802017,0.2710829711576361,0.6928954911795222
352,0.51569171159266,0.0,0.0,0.0,0.28166645653486116,0.0,0.0,0.2966790616236247,0.2711213094568717,0.6928515665204487
353,0.515685657083342,0.0,0.0,0.0,0.28170766557356325,0.0,0.0,0.296620706319469,0.27115931887298367,0.6928075130676713
354,0.5156795834553314,0.0,0.0,0.0,0.2817486660099022,0.0,0.0,0.2965632031081052,0.27119699827712485,0.692763347293887
355,0.5156734911222925,0.0,0.0,0.0,0.2817894538832118,0.0,0.0,0.2965065402218822,0.27123434672718055,0.6927190853939518
356,0.5156673805784919,0.0,0.0,0.0,0.28183002543735264,0.0,0.0,0.29645070598978335,0.27127136346105046,0.6926747432770198
357,0.5156612523931259,0.0,0.0,0.0,0.2818703771110445,0.0,0.0,0.29639568884154316,0.2713080478899964,0.6926303365593766
358,0.5156551072049093,0.0,0.0,0.0,0.28191050552880303,0.0,0.0,0.2963414773112693,0.2713443995920739,0.6925858805579449
359,0.5156489457169208,0.0,0.0,0.0,0.2819504074924461,0.0,0.0,0.29628806004061664,0.2713804183056515,0.692541390284437
360,0.5156427686916891,0.0,0.0,0.0,0.28199007997313325,0.0,0.0,0.2962354257815527,0.27141610392303234,0.6924968804401366
361,0.5156365769464994,0.0,0.0,0.0,0.2820295201039068,0.0,0.0,0.2961835633987513,0.2714514564841865,0.6924523654112816
362,0.5156303713489226,0.0,0.0,0.0,0.2820687251726997,0.0,0.0,0.29613246187165077,0.2714864761705972,0.6924078592650341
363,0.5156241528125458,0.0,0.0,0.0,0.2821076926157789,0.0,0.0,0.29608211029620213,0.27152116329923354,0.6923633757460075
364,0.5156179222929012,0.0,0.0,0.0,0.2821464200116024,0.0,0.0,0.2960324978863413,0.27155551831664826,0.6923189282733375
365,0.5156116807835756,0.0,0.0,0.0,0.282184905075053,0.0,0.0,0.2959836139752088,0.27158954179321054,0.6922745299382699
366,0.5156054293125059,0.0,0.0,0.0,0.28222314565203094,0.0,0.0,0.2959354480161396,0.27162323441747355,0.6922301935022481
367,0.5155991689384353,0.0,0.0,0.0,0.28226113971437666,0.0,0.0,0.29588798958344553,0.27165659699068323,0.6921859313954873
368,0.5155929007475413,0.0,0.0,0.0,0.28229888535510306,0.0,0.0,0.2958412283730116,0.27168963042142585,0.6921417557159983
369,0.5155866258502094,0.0,0.0,0.0,0.2823363807839143,0.0,0.0,0.29579515420271874,0.27172233572042137,0.692097678229058
370,0.5155803453779629,0.0,0.0,0.0,0.2823736243229921,0.0,0.0,0.295749757012716,0.2717547139954593,0.6920537103670958
371,0.5155740604805328,0.0,0.0,0.0,0.28241061440302934,0.0,0.0,0.29570502686555095,0.2717867664464809,0.6920098632299907
372,0.515567772323063,0.0,0.0,0.0,0.2824473495594937,0.0,0.0,0.2956609539461767,0.2718184943608059,0.6919661475857435
373,0.5155614820834531,0.0,0.0,0.0,0.28248382842910535,0.0,0.0,0.2956175285618434,0.2718498991085035,0.691922573871519
374,0.5155551909498192,0.0,0.0,0.0,0.2825200497465102,0.0,0.0,0.29557474114188675,0.2718809821379103,0.6918791521950338
375,0.5155489001180865,0.0,0.0,0.0,0.28255601234113825,0.0,0.0,0.2955325822374252,0.27191174497128817,0.6918358923362782
376,0.5155426107896885,0.0,0.0,0.0,0.2825917151342298,0.0,0.0,0.29549104252097436,0.27194218920062757,0.6917928037495411
377,0.5155363241693889,0.0,0.0,0.0,0.2826271571360179,0.0,0.0,0.29545011278598166,0.27197231648359116,0.691749895565745
378,0.5155300414632056,0.0,0.0,0.0,0.28266233744305413,0.0,0.0,0.29540978394629797,0.2720021285395953,0.6917071765950481
379,0.5155237638764438,0.0,0.0,0.0,0.282697255235671,0.0,0.0,0.2953700470355845,0.272031627146032,0.6916646553297149
380,0.5155174926118307,0.0,0.0,0.0,0.2827319097755621,0.0,0.0,0.2953308932066665,0.2720608141346223,0.6916223399472351
381,0.5155112288677431,0.0,0.0,0.0,0.2827663004034802,0.0,0.0,0.2952923137308345,0.27208969138790645,0.6915802383136733
382,0.5155049738365362,0.0,0.0,0.0,0.282800426537036,0.0,0.0,0.29525429999710373,0.27211826083586343,0.6915383579872338
383,0.5154987287029572,0.0,0.0,0.0,0.2828342876685958,0.0,0.0,0.29521684351143135,0.27214652445265874,0.6914967062220314
384,0.5154924946426559,0.0,0.0,0.0,0.2828678833632646,0.0,0.0,0.29517993589589725,0.2721744842535189,0.69145528997205
385,0.5154862728207692,0.0,0.0,0.0,0.28290121325695267,0.0,0.0,0.2951435688878509,0.2722021422917279,0.6914141158952737
386,0.5154800643905979,0.0,0.0,0.0,0.28293427705451574,0.0,0.0,0.2951077343390331,0.27222950065574464,0.6913731903579784
387,0.5154738704923556,0.0,0.0,0.0,0.2829670745279646,0.0,0.0,0.2950724242146658,0.27225656146643856,0.6913325194391773
388,0.5154676922520033,0.0,0.0,0.0,0.2829996055147362,0.0,0.0,0.29503763059252214,0.2722833268744387,0.6912921089351927
389,0.5154615307801481,0.0,0.0,0.0,0.28303186991602564,0.0,0.0,0.29500334566197167,0.2723097990575961,0.6912519643643609
390,0.5154553871710221,0.0,0.0,0.0,0.2830638676951682,0.0,0.0,0.2949695617230091,0.2723359802185533,0.6912120909718417
391,0.5154492625015255,0.0,0.0,0.0,0.28309559887607294,0.0,0.0,0.2949362711852648,0.2723618725824211,0.69117249373453
392,0.51544315783034,0.0,0.0,0.0,0.2831270635417007,0.0,0.0,0.2949034665669981,0.2723874783945575,0.6911331773660585
393,0.5154370741971054,0.0,0.0,0.0,0.2831582618325822,0.0,0.0,0.2948711404940814,0.2724127999184469,0.6910941463218758
394,0.5154310126216601,0.0,0.0,0.0,0.2831891939453775,0.0,0.0,0.2948392856989645,0.27243783943367667,0.6910554048043972
395,0.5154249741033389,0.0,0.0,0.0,0.2832198601314679,0.0,0.0,0.29480789501963583,0.2724625992340063,0.6910169567682085
396,0.5154189596203341,0.0,0.0,0.0,0.2832502606955818,0.0,0.0,0.2947769613985688,0.27248708162552904,0.6909788059253261
397,0.5154129701291079,0.0,0.0,0.0,0.283280395994452,0.0,0.0,0.2947464778816603,0.27251128892492044,0.6909409557504911
398,0.5154070065638628,0.0,0.0,0.0,0.2833102664354972,0.0,0.0,0.2947164376171624,0.2725352234577729,0.6909034094864989
399,0.5154010698360628,0.0,0.0,0.0,0.2833398724755346,0.0,0.0,0.29468683385460787,0.2725588875570129,0.6908661701495523
400,0.5153951608340032,0.0,0.0,0.0,0.2833692146195132,0.0,0.0,0.2946576599437276,0.272582283561396,0.6908292405346268
401,0.5153892804224309,0.0,0.0,0.0,0.2833982934192702,0.0,0.0,0.2946289093333654,0.2726054138140792,0.6907926232208491
402,0.5153834294422134,0.0,0.0,0.0,0.2834271094723109,0.0,0.0,0.2946005755703862,0.2726282806612695,0.6907563205768732
403,0.5153776087100477,0.0,0.0,0.0,0.2834556634206057,0.0,0.0,0.2945726522985836,0.27265088645093855,0.6907203347662499
404,0.5153718190182162,0.0,0.0,0.0,0.2834839559494079,0.0,0.0,0.2945451332575807,0.2726732335316114,0.6906846677527891
405,0.5153660611343825,0.0,0.0,0.0,0.2835119877860889,0.0,0.0,0.29451801228173313,0.2726953242512173,0.6906493213058981
406,0.5153603358014277,0.0,0.0,0.0,0.2835397596989906,0.0,0.0,0.2944912832990252,0.2727171609560046,0.6906142970059005
407,0.5153546437373229,0.0,0.0,0.0,0.2835672724962929,0.0,0.0,0.29446494032996934,0.27273874598951775,0.6905795962493214
408,0.5153489856350424,0.0,0.0,0.0,0.2835945270248989,0.0,0.0,0.29443897748650233,0.27276008169163124,0.6905452202541416
409,0.5153433621625038,0.0,0.0,0.0,0.28362152416933367,0.0,0.0,0.2944133889708827,0.2727811703976398,0.6905111700650094
410,0.5153377739625523,0.0,0.0,0.0,0.28364826485065797,0.0,0.0,0.29438816907458626,0.27280201443740254,0.690477446558411
411,0.5153322216529704,0.0,0.0,0.0,0.28367475002539644,0.0,0.0,0.29436331217720535,0.27282261613453707,0.6904440504477917
412,0.515326705826516,0.0,0.0,0.0,0.28370098068447863,0.0,0.0,0.2943388127453477,0.2728429778056658,0.6904109822886227
413,0.5153212270509953,0.0,0.0,0.0,0.28372695785219587,0.0,0.0,0.2943146653315361,0.2728631017597044,0.6903782424834175
414,0.5153157858693599,0.0,0.0,0.0,0.2837526825851674,0.0,0.0,0.29429086457311177,0.27288299029720064,0.6903458312866806
415,0.5153103827998301,0.0,0.0,0.0,0.2837781559713246,0.0,0.0,0.2942674051911395,0.27290264570971084,0.6903137488098015
416,0.5153050183360468,0.0,0.0,0.0,0.28380337912890397,0.0,0.0,0.29424428198931446,0.27292207027921994,0.6902819950258827
417,0.5152996929472408,0.0,0.0,0.0,0.2838283532054556,0.0,0.0,0.2942214898528743,0.27294126627760046,0.6902505697744918
418,0.5152944070784296,0.0,0.0,0.0,0.2838530793768632,0.0,0.0,0.2941990237475122,0.27296023596610747,0.6902194727663499
419,0.5152891611506324,0.0,0.0,0.0,0.2838775588463779,0.0,0.0,0.2941768787182972,0.272978981594909,0.69018870358795
420,0.5152839555611104,0.0,0.0,0.0,0.2839017928436627,0.0,0.0,0.2941550498885949,0.2729975054026509,0.6901582617060913
421,0.5152778881202581,0.0,0.0,2.33336433144821e-05,0.28392572027528756,0.0,0.0,0.2941335400896661,0.273015601284092,0.690128034282633
422,0.515270399847285,0.0,0.0,7.980980062530532e-05,0.2839493852530424,0.0,0.0,0.2941125012954477,0.2730329811850091,0.6900979066023306
423,0.5152631800717669,0.0,0.0,0.00013609365972064178,0.2839729264379361,0.0,0.0,0.2940919804798782,0.273049955061096,0.690068067169806
424,0.5152562180742328,0.0,0.0,0.00019215153100829075,0.28399632223915944,0.0,0.0,0.2940719645880581,0.2730665172730197,0.6900385151149612
425,0.5152495036873893,0.0,0.0,0.0002479522472597414,0.2840195525144552,0.0,0.0,0.2940524408877963,0.27308266332518505,0.6900092501231416
426,0.5152430273083607,0.0,0.0,0.0003034670377749774,0.2840425985157235,0.0,0.0,0.2940333969702126,0.2730983898011201,0.6899802723712832
427,0.5152367798648354,0.0,0.0,0.0003586693940204269,0.28406544283193497,0.0,0.0,0.2940148207482843,0.27311369429178545,0.6899515824631822
428,0.5152307527834835,0.0,0.0,0.0004135349411595514,0.2840880693332997,0.0,0.0,0.2939967004541068,0.2731285753269801,0.6899231813694104
429,0.5152249379604538,0.0,0.0,0.0004680413153219326,0.2841104631167305,0.0,0.0,0.29397902463506015,0.2731430323097986,0.6898950703716431
430,0.5152193277337677,0.0,0.0,0.000522168046453295,0.2841326104526287,0.0,0.0,0.29396178214904783,0.27315706545407736,0.6898672510111669
431,0.5152139148574632,0.0,0.0,0.0005758964465857022,0.28415449873301535,0.0,0.0,0.2939449621589631,0.27317067572476944,0.689839725041352
432,0.5152086924773402,0.0,0.0,0.0006292095033652021,0.2841761164210267,0.0,0.0,0.2939285541265198,0.27318386478118023,0.6898124943838848
433,0.5152036541081826,0.0,0.0,0.0006820917786726226,0.28419745300179167,0.0,0.0,0.29391254780556736,0.27319663492298374,0.6897855610885478
434,0.5151987936123311,0.0,0.0,0.0007345293121726864,0.2842184989346928,0.0,0.0,0.2938969332350012,0.27320898903895463,0.6897589272963555
435,0.5151941051795161,0.0,0.0,0.0007865095296259806,0.28423924560702724,0.0,0.0,0.29388170073136366,0.27322093055832275,0.6897325952058602
436,0.5151895833078519,0.0,0.0,0.0008380211557991632,0.2842596852890601,0.0,0.0,0.29386684088121967,0.2732324634046796,0.6897065670424397
437,0.5151852227858978,0.0,0.0,0.0008890541318092053,0.28427981109047434,0.0,0.0,0.293852344533383,0.27324359195234466,0.6896808450304018
438,0.5151810186757249,0.0,0.0,0.000939599536738998,0.28429961691820893,0.0,0.0,0.2938382027910582,0.27325432098511104,0.6896554313677326
439,0.5151769662969079,0.0,0.0,0.0009896495133630788,0.28431909743567924,0.0,0.0,0.2938244070039545,0.27326465565728464,0.689630328203331
440,0.515173061211384,0.0,0.0,0.001039197197824535,0.2843382480233702,0.0,0.0,0.29381094876042246,0.27327460145693305,0.6896055376165767
441,0.5151692992091197,0.0,0.0,0.0010882366531061722,0.284357064740784,0.0,0.0,0.2937978198796535,0.2732841641712548,0.6895810615990844
442,0.5151656762945426,0.0,0.0,0.0011367628061418555,0.2843755442897305,0.0,0.0,0.293785012403981,0.2732933498539906,0.6895569020385058
443,0.5151621886736761,0.0,0.0,0.001184771388416705,0.2843936839789447,0.0,0.0,0.293772518591312,0.2733021647947873,0.6895330607042451
444,0.5151588327419502,0.0,0.0,0.0012322588799079167,0.2844114816900062,0.0,0.0,0.293760330907715,0.27331061549043784,0.6895095392349603
445,0.5151556050726452,0.0,0.0,0.0012792224562211832,0.28442893584454376,0.0,0.0,0.2937484420201856,0.2733187086179125,0.6894863391277349
446,0.5151525024059285,0.0,0.0,0.0013256599387812473,0.2844460453726996,0.0,0.0,0.2937368447896059,0.27332645100910136,0.689463461728792
447,0.515149521638459,0.0,0.0,0.0013715697479385431,0.28446280968283183,0.0,0.0,0.2937255322639118,0.2733338496271973,0.6894409082256557
448,0.5151466598135263,0.0,0.0,0.0014169508588575716,0.2844792286324286,0.0,0.0,0.2937144976714784,0.2733409115446323,0.6894186796406452
449,0.5151439141116988,0.0,0.0,0.0014618027600565272,0.2844953025002042,0.0,0.0,0.29370373441473013,0.2733476439225051,0.6893967768256113
450,0.5151412818419595,0.0,0.0,0.0015061254144713339,0.2845110319593587,0.0,0.0,0.293693236063983,0.2733540539914204,0.6893752004578126
451,0.5151387604332992,0.0,0.0,0.0015499192229212835,0.2845264180519634,0.0,0.0,0.293682996351517,0.2733601490336734,0.6893539510368477
452,0.5151363474267533,0.0,0.0,0.0015931849898572553,0.28454146216445,0.0,0.0,0.2936730091658842,0.2733659363667108,0.6893330288825643
453,0.5151340404678562,0.0,0.0,0.0016359238912776355,0.284556166004173,0.0,0.0,0.2936632685464494,0.2733714233278036,0.6893124341338542
454,0.5151318372995016,0.0,0.0,0.0016781374447007154,0.28457053157701384,0.0,0.0,0.29365376867816256,0.2733766172598695,0.6892921667482685
455,0.5151297357551862,0.0,0.0,0.0017198274810864768,0.2845845611660004,0.0,0.0,0.2936445038865583,0.273381525498381,0.6892722265023807
456,0.5151277337526214,0.0,0.0,0.001760996118604598,0.28459825731091126,0.0,0.0,0.2936354686329781,0.27338615535930333,0.6892526129928269
457,0.5151258292877011,0.0,0.0,0.0018016457381492422,0.2846116227888327,0.0,0.0,0.29362665751001216,0.2733905141280064,0.6892333256379681
458,0.5151240204288051,0.0,0.0,0.0018417789605051891,0.28462466059564084,0.0,0.0,0.2936180652371515,0.27339460904909263,0.689214363680104
459,0.5151223053114304,0.0,0.0,0.0018813986250734984,0.2846373739283807,0.0,0.0,0.29360968665664805,0.27339844731709206,0.6891957261881982
460,0.5151206821331308,0.0,0.0,0.0019205077700688484,0.28464976616850823,0.0,0.0,0.293601516729572,0.2734020360679738,0.6891774120610479
461,0.5151191491487612,0.0,0.0,0.0019591096141042394,0.28466184086596785,0.0,0.0,0.2935935505320622,0.2734053823714251,0.689159420030858
462,0.5151177046660037,0.0,0.0,0.0019972075390823174,0.2846736017240793,0.0,0.0,0.29358578325175916,0.2734084932238541,0.6891417486671738
463,0.5151163470411713,0.0,0.0,0.0020348050743161177,0.2846850525852015,0.0,0.0,0.2935782101844157,0.2734113755420696,0.6891243963811257
464,0.5151150746752736,0.0,0.0,0.0020719058818057315,0.28469619741714525,0.0,0.0,0.2935708267306766,0.2734140361576008,0.6891073614299497
465,0.51511388601034,0.0,0.0,0.0021085137426003096,0.2847070403003112,0.0,0.0,0.29356362839301986,0.27341648181160993,0.6890906419217402
466,0.5151127795259787,0.0,0.0,0.0021446325441785603,0.28471758541551717,0.0,0.0,0.29355661077284945,0.27341871915036936,0.6890742358204143
467,0.5151117537361743,0.0,0.0,0.0021802662687837684,0.284727837032498,0.0,0.0,0.29354976956773615,0.2734207547212565,0.6890581409508382
468,0.515110807186304,0.0,0.0,0.0022154189826526873,0.28473779949904376,0.0,0.0,0.2935431005687947,0.2734225949692418,0.6890423550040995
469,0.5151099384503661,0.0,0.0,0.002250094826080442,0.2847474772307536,0.0,0.0,0.2935365996581934,0.2734242462338298,0.6890268755428866
470,0.5151091461284145,0.0,0.0,0.0022842980042667277,0.2847568747013808,0.0,0.0,0.29353026280678707,0.27342571474642646,0.6890117000069621
471,0.5151084288441834,0.0,0.0,0.0023180327788912512,0.2847659964337411,0.0,0.0,0.2935240860718657,0.27342700662810165,0.6889968257186961
472,0.5151077852428987,0.0,0.0,0.0023513034603692175,0.284774846991164,0.0,0.0,0.29351806559501425,0.27342812788771986,0.688982249888641
473,0.5151072139892678,0.0,0.0,0.0023841144007402085,0.28478343096945996,0.0,0.0,0.2935121976000746,0.2734290844204112,0.6889679696211283
474,0.5151067137656344,0.0,0.0,0.0024164699871462615,0.28479175298938564,0.0,0.0,0.2935064783912054,0.2734298820063609,0.6889539819198697
475,0.5151062832702927,0.0,0.0,0.0024483746358575646,0.28479981768957885,0.0,0.0,0.29350090435103265,0.2734305263098878,0.688940283693544
476,0.5151059212159571,0.0,0.0,0.0024798327868064732,0.2848076297199437,0.0,0.0,0.293495471938886,0.2734310228787968,0.6889268717613554
477,0.5151056263283694,0.0,0.0,0.0025108488985927267,0.2848151937354725,0.0,0.0,0.2934901776891128,0.2734313771439798,0.6889137428585493
478,0.5151053973450488,0.0,0.0,0.002541427443925005,0.28482251439046913,0.0,0.0,0.29348501820946854,0.2734315944192447,0.6889008936418717
479,0.5151052330141657,0.0,0.0,0.0025715729054660067,0.28482959633317034,0.0,0.0,0.29347999017957543,0.2734316799013575,0.6888883206949601
480,0.5151051320935409,0.0,0.0,0.0026012897720500733,0.2848364442007339,0.0,0.0,0.29347509034944624,0.2734316386702768,0.6888760205336618
481,0.5151050933497567,0.0,0.0,0.00263058253524462,0.2848430626145833,0.0,0.0,0.29347031553806835,0.27343147568956555,0.6888639896112595
482,0.5151051155573798,0.0,0.0,0.0026594556862280165,0.2848494561760861,0.0,0.0,0.29346566263204127,0.27343119580696346,0.6888522243236073
483,0.5151051974982809,0.0,0.0,0.0026879137129586926,0.284855629462551,0.0,0.0,0.29346112858426937,0.273430803755109,0.6888407210141614
484,0.5151053379610542,0.0,0.0,0.0027159610976114253,0.28486158702353037,0.0,0.0,0.29345671041270066,0.27343030415239034,0.6888294759789028
485,0.5151055357405215,0.0,0.0,0.0027436023142589075,0.2848673333774053,0.0,0.0,0.29345240519911064,0.2734297015039219,0.6888184854711451
486,0.5151057896373253,0.0,0.0,0.0027708418267775397,0.2848728730082452,0.0,0.0,0.293448210087926,0.2734290002026253,0.6888077457062264
487,0.5151060984575934,0.0,0.0,0.002797684086958419,0.2848782103629234,0.0,0.0,0.2934441222850886,0.2734282045304127,0.6887972528660754
488,0.5151064610126815,0.0,0.0,0.002824133532805372,0.284883349848475,0.0,0.0,0.29344013905695304,0.2734273186594519,0.6887870031036498
489,0.5151068761189788,0.0,0.0,0.002850194587003306,0.2848882958296861,0.0,0.0,0.29343625772921744,0.27342634665351395,0.6887769925472473
490,0.515107342597776,0.0,0.0,0.002875871655541494,0.2848930526268982,0.0,0.0,0.29343247568588327,0.27342529246938574,0.6887672173046845
491,0.5151078592751928,0.0,0.0,0.002901169126477322,0.28489762451401746,0.0,0.0,0.2934287903682441,0.2734241599583459,0.6887576734673432
492,0.5151084249821568,0.0,0.0,0.002926091368827225,0.28490201571671886,0.0,0.0,0.29342519927389843,0.27342295286769114,0.68874835711408
493,0.515109038554427,0.0,0.0,0.0029506427315725225,0.28490623041082846,0.0,0.0,0.2934216999557889,0.27342167484230845,0.6887392643150009
494,0.5151096988326653,0.0,0.0,0.002974827542768744,0.2849102727208784,0.0,0.0,0.29341829002125897,0.27342032942628675,0.6887303911351014
495,0.5151104046625464,0.0,0.0,0.0029986501087481115,0.28491414671882337,0.0,0.0,0.2934149671311324,0.27341892006456053,0.688721733637769
496,0.5151111548949049,0.0,0.0,0.0030221147134055757,0.2849178564229061,0.0,0.0,0.2934117289988115,0.27341745010457896,0.6887132878881527
497,0.5151119483859111,0.0,0.0,0.003045225617559487,0.2849214057966656,0.0,0.0,0.29340857338939075,0.2734159227979997,0.6887050499563938
498,0.515112783997277,0.0,0.0,0.003067987058378901,0.2849247987480764,0.0,0.0,0.2934054981187875,0.27341434130239567,0.6886970159207246
499,0.5151136605964912,0.0,0.0,0.0030904032488701825,0.28492803912881537,0.0,0.0,0.2934025010528868,0.27341270868297857,0.6886891818704365
